Gene	Exon #	Mutation name	Nomenclature (Protein)	Sample ID	Phenotypic group	Geographic origin	Proband-Relative (Y/N)	Gender
LMNA	1	c.65C>T	p.S22L	00PK05HKHXX	DCM-CD	GERMANY	Proband	Unknown
LMNA	1	c.16C>T	p.Q6X	10JIEGSA067	DCM-CD	FRANCE	Relative	Female
LMNA	1	c.16C>T	p.Q6X	10TPHIAS063	DCM-CD	FRANCE	Relative	Male
LMNA	1	c.16C>T	p.Q6X	10TCHIHR064	DCM-CD	FRANCE	Relative	Male
LMNA	1	c.16C>T	p.Q6X	10GPREAS062	DCM-CD	FRANCE	Relative	Female
LMNA	1	c.16C>T	p.Q6X	10GFRERA054	DCM-CD	FRANCE	Relative	Male
LMNA	1	c.16C>T	p.Q6X	10WVAUIR066	DCM-CD	FRANCE	Relative	Female
LMNA	1	c.16C>T	p.Q6X	10MMOUAR054	DCM-CD	FRANCE	Relative	Female
LMNA	1	c.16C>T	p.Q6X	10CMHEIC030	DCM-CD	FRANCE	Relative	Male
LMNA	1	c.16C>T	p.Q6X	10CFHAAN057	DCM-CD	FRANCE	Relative	Female
LMNA	1	c.16C>T	p.Q6X	10CPHEHI057	DCM-CD	FRANCE	Relative	Male
LMNA	1	c.16C>T	p.Q6X	10CHHEER061	DCM-CD	FRANCE	Relative	Male
LMNA	1	c.178C>G	p.R60G	00FD99DIII262	DCM-CD + FPLD	ITALIA	Relative	Female
LMNA	1	c.178C>G	p.R60G	10SDEVOM057	DCM-CD + FPLD	FRANCE	Proband	Female
LMNA	1	c.254T>G	p.L85R	00FD99CII159	DCM-CD	Not available	Proband	Female
LMNA	1	c.266G>T	p.R89L	00TG03III1XX	DCM-CD	Not available	Relative	Male
LMNA	1	c.289A>G	p.K97E	00AE02BIII169	DCM-CD	ITALIA	Proband	Female
LMNA	1	c.331G>T	p.E111X	00AE02AII144	DCM-CD	ITALIA	Proband	Male
LMNA	3	c.568C>T	p.R190W	00PK05LJXX	DCM-CD	GERMANY	Proband	Female
LMNA	3	c.568C>T	p.R190W	00PK05HEXX	DCM-CD	GERMANY	Proband	Unknown
LMNA	3	c.568C>T	p.R190W	00PK05RPXX	DCM-CD	GERMANY	Relative	Male
LMNA	3	c.568C>T	p.R190W	00AR01FANXX	DCM-CD	JAPAN	Proband	Male
LMNA	3	c.568C>T	p.R190W	00AE02DII159	DCM-CD	ITALIA	Proband	Male
LMNA	3	c.575A>T	p.D192V	03LSSP09181	DCM-CD	FRANCE	Proband	Male
LMNA	3	c.585C>G	p.N195K	00FD99BIII1146	DCM-CD	Not available	Proband	Female
LMNA	3	c.607G>A	p.E203K	00JP01AII862	DCM-CD	U.S.A.	Proband	Male
LMNA	3	c.608A>G	p.E203G	00FD99EII253	DCM-CD	Not available	Proband	Female
LMNA	4	c.673C>T	p.R225X	00JP01BII781	DCM-CD	U.S.A.	Proband	Female
LMNA	6	c.949G>A	p.E317K	00AE02EII2XX	DCM-CD	ITALIA	Relative	Male
LMNA	1	c.266G>T	p.R89L	00TG03II1XX	DCM-CD	Not available	Proband	Male
LMNA	8	c.1397delA	p.N466IfsX14	00PA06AII6XX	DCM-CD	GERMANY	Proband	Male
LMNA	2	c.481G>A	p.E161K	00SP03III2036	DCM-CD	FRANCE	Relative	Female
LMNA	2	c.481G>A	p.E161K	00SP03III1650	DCM-CD	FRANCE	Relative	Female
LMNA	3	c.607G>A	p.E203K	00JP01AIII560	DCM-CD	U.S.A.	Relative	Male
LMNA	11	c.1930C>T	p.R644C	00GJ00PG01XX	DCM-CD	GERMANY	Proband	Unknown
LMNA	1	c.82C>T	p.R28W	00GA021004XX	DCM-CD + FPLD	U.S.A.	Relative	Female
LMNA	1	c.82C>T	p.R28W	00GA021005XX	DCM-CD + FPLD	U.S.A.	Relative	Male
LMNA	4	c.673C>T	p.R225X	00JP01BIII1073	DCM-CD	U.S.A.	Relative	Female
LMNA	4	c.673C>T	p.R225X	00JP01BIII559	DCM-CD	U.S.A.	Relative	Female
LMNA	4	c.673C>T	p.R225X	00JP01BIII661	DCM-CD	U.S.A.	Relative	Female
LMNA	1	c.178C>G	p.R60G	00FD99DIII361	DCM-CD + FPLD + CMT2	ITALIA	Proband	Male
LMNA	4	c.673C>T	p.R225X	00JP01BIII267	DCM-CD	U.S.A.	Relative	Female
LMNA	1	c.178C>G	p.R60G	00FD99DIII671	DCM-CD + FPLD + CMT2	ITALIA	Relative	Female
LMNA	1	c.178C>G	p.R60G	00FD99DIII754	DCM-CD + FPLD	ITALIA	Relative	Male
LMNA	1	c.178C>G	p.R60G	00FD99DIV2XX	DCM-CD + FPLD	ITALIA	Relative	Female
LMNA	1	c.178C>G	p.R60G	00FD99DIV4XX	DCM-CD + FPLD	ITALIA	Relative	Male
LMNA	1	c.178C>G	p.R60G	00FD99DIV5XX	DCM-CD	ITALIA	Relative	Male
LMNA	1	c.184C>G	p.R62G	00GA026009XX	DCM-CD + FPLD	U.S.A.	Relative	Male
LMNA	1	c.254T>G	p.L85R	00FD99CIII259	DCM-CD	Not available	Relative	Male
LMNA	3	c.607G>A	p.E203K	00JP01AIII1355	DCM-CD	U.S.A.	Relative	Male
LMNA	3	c.607G>A	p.E203K	00JP01AIII1162	DCM-CD	U.S.A.	Relative	Female
LMNA	3	c.607G>A	p.E203K	00JP01AIII961	DCM-CD	U.S.A.	Relative	Female
LMNA	3	c.607G>A	p.E203K	00JP01AIII459	DCM-CD	U.S.A.	Relative	Male
LMNA	3	c.607G>A	p.E203K	00JP01AIII378	DCM-CD	U.S.A.	Relative	Male
LMNA	3	c.607G>A	p.E203K	00JP01AII660	DCM-CD	U.S.A.	Relative	Female
LMNA	3	c.585C>G	p.N195K	00FD99BIV468	DCM-CD	Not available	Relative	Male
LMNA	3	c.585C>G	p.N195K	00FD99BIV859	DCM-CD	Not available	Relative	Male
LMNA	3	c.585C>G	p.N195K	00FD99BIV1049	DCM-CD	Not available	Relative	Female
LMNA	3	c.585C>G	p.N195K	00FD99BIV1665	DCM-CD	Not available	Relative	Female
LMNA	4	c.673C>T	p.R225X	00JP01BII173	DCM-CD	U.S.A.	Relative	Male
LMNA	3	c.585C>G	p.N195K	00FD99BV170	DCM-CD	Not available	Relative	Male
LMNA	3	c.585C>G	p.N195K	00FD99BV277	DCM-CD	Not available	Relative	Male
LMNA	3	c.608A>G	p.E203G	00FD99EII462	DCM-CD	Not available	Relative	Female
LMNA	3	c.608A>G	p.E203G	00FD99EII952	DCM-CD	Not available	Relative	Male
LMNA	3	c.608A>G	p.E203G	00FD99EIII164	DCM-CD	Not available	Relative	Female
LMNA	3	c.608A>G	p.E203G	00FD99EIII3XX	DCM-CD	Not available	Relative	Male
LMNA	3	c.608A>G	p.E203G	00FD99EIII871	DCM-CD	Not available	Relative	Male
LMNA	6	c.949G>A	p.E317K	00AE02EIII237	DCM-CD	ITALIA	Proband	Male
LMNA	6	c.1063C>T	p.Q355X	00PK05KMXX	DCM-CD	GERMANY	Proband	Unknown
LMNA	1	c.266G>T	p.R89L	00TG03III280	DCM-CD	Not available	Relative	Female
LMNA	6	c.959delT	p.R321EfsX159	00BG00II569	DCM-CD	Not available	Proband	Male
LMNA	6	c.959delT	p.R321EfsX159	00BG00III196	DCM-CD	Not available	Relative	Female
LMNA	6	c.1039G>A	p.E347K	00VM03NE559	DCM-CD	Not available	Proband	Male
LMNA	6	c.1039G>A	p.E347K	00VM03BRNE5XX	DCM-CD	Not available	Relative	Male
LMNA	6	c.1039G>A	p.E347K	00VM03AUNE5XX	DCM-CD	Not available	Relative	Female
LMNA	7	c.1303C>T	p.R435C	00VM03JIR76	DCM-CD	Not available	Proband	Male
LMNA	1	c.28dup	p.T10NfsX31	00SP03IV368	DCM-CD	FRANCE	Relative	Female
LMNA	5	c.936G>C	p.Q312H	13MRA070350	DCM-CD	FRANCE	Relative	Male
LMNA	2	c.481G>A	p.E161K	00SP03IV2272	DCM-CD	FRANCE	Relative	Male
LMNA	1	c.331G>T	p.E111X	00AE02AII245	DCM-CD	ITALIA	Relative	Male
LMNA	1	c.331G>T	p.E111X	00AE02AIII473	DCM-CD	ITALIA	Relative	Female
LMNA	11	c.1714insCTGC	p.S572LfsX8	00AE02CII243	DCM-CD	ITALIA	Proband	Female
LMNA	1	c.289A>G	p.K97E	00AE02BIII374	DCM-CD	ITALIA	Relative	Male
LMNA	11	c.1714insCTGC	p.S572LfsX8	00AE02CIII163	DCM-CD	ITALIA	Relative	Male
LMNA	11	c.1714insCTGC	p.S572LfsX8	00AE02CIII267	DCM-CD	ITALIA	Relative	Male
LMNA	3	c.568C>T	p.R190W	00AE02DI2XX	DCM-CD	ITALIA	Relative	Female
LMNA	1	c.184C>G	p.R62G	00GA0260012XX	DCM-CD + FPLD	U.S.A.	Relative	Female
LMNA	1	c.184C>G	p.R62G	00GA0260015XX	DCM-CD + FPLD	U.S.A.	Relative	Female
LMNA	1	c.184C>G	p.R62G	00GA0260021XX	DCM-CD + FPLD	U.S.A.	Relative	Male
LMNA	1	c.184C>G	p.R62G	00GA0260031XX	DCM-CD + FPLD	U.S.A.	Proband	Female
LMNA	3	c.607G>A	p.E203K	00JP01AIII871	DCM-CD	U.S.A.	Relative	Female
LMNA	3	c.607G>A	p.E203K	00JP01AIII664	DCM-CD	U.S.A.	Relative	Male
LMNA	6	c.1046G>T	p.R349L	00HM04AII2XX	DCM-CD	SPAIN	Proband	Female
LMNA	6	c.1046G>T	p.R349L	00HM04AIII1XX	DCM-CD	SPAIN	Relative	Female
LMNA	6	c.1046G>T	p.R349L	00HM04AIII2XX	DCM-CD	SPAIN	Relative	Female
LMNA	4	c.644T>C	p.L215P	00HR02IV3XX	DCM-CD	U.S.A.	Proband	Female
LMNA	4	c.644T>C	p.L215P	00HR02III8XX	DCM-CD	U.S.A.	Relative	Female
LMNA	4	c.644T>C	p.L215P	00HR02IV1XX	DCM-CD	U.S.A.	Relative	Male
LMNA	4	c.644T>C	p.L215P	00HR02IV2XX	DCM-CD	U.S.A.	Relative	Female
LMNA	4	c.644T>C	p.L215P	00HR02IV4XX	DCM-CD	U.S.A.	Relative	Female
LMNA	4	c.644T>C	p.L215P	00HR02IV4XX	DCM-CD	U.S.A.	Relative	Female
LMNA	4	c.644T>C	p.L215P	00HR02IV8XX	DCM-CD	U.S.A.	Relative	Male
LMNA	11	c.1718C>T	p.S573L	00TG03II253	DCM-CD	Not available	Proband	Female
LMNA	3	c.607G>A	p.E203K	00JP01AIII265	DCM-CD	U.S.A.	Relative	Male
LMNA	2	c.481G>A	p.E161K	00SP03IV2858	DCM-CD	FRANCE	Relative	Male
LMNA	2	c.481G>A	p.E161K	00SP03III1537	DCM-CD	FRANCE	Proband	Female
LMNA	1	c.169G>C	p.A57P	00CL03IRAN1010XX	Werner Syndrome + DCM-CD	IRAN	Proband	Female
LMNA	6	c.1130G>A	p.R377H	00CJ03III658	Quadricipital Myopathy + DCM-CD	FRANCE	Relative	Female
LMNA	6	c.1130G>A	p.R377H	00CJ03III846	Quadricipital Myopathy + DCM-CD	FRANCE	Proband	Male
MNA	6	c.1130G>A	p.R377H	00CJ03III10XX	DCM-CD	FRANCE	Relative	Male
LMNA	6	c.1130G>A	p.R377H	00CJ03III2160	Quadricipital Myopathy + DCM-CD	FRANCE	Relative	Female
LMNA	6	c.1130G>A	p.R377H	00CJ03IV976	DCM-CD	FRANCE	Relative	Female
LMNA	6	c.1130G>A	p.R377H	00CJ03IV1475	DCM-CD	FRANCE	Relative	Female
LMNA	6	c.1130G>A	p.R377H	00CJ03IV2173	DCM-CD	FRANCE	Relative	Male
LMNA	5	c.908_909delCT	p.S303CfsX27	00MH03III858	DCM-CD	U.S.A.	Proband	Female
LMNA	1	c.266G>T	p.R89L	00VL03275	DCM-CD	ITALIA	Proband	Male
LMNA	1	c.165delG	p.N56TfsX40	00VL03968	DCM-CD	ITALIA	Proband	Female
LMNA	11	c.1930C>T	p.R644C	02MPJPHH281288	DCM-CD	U.K.	Relative	Male
LMNA	3	c.607G>A	p.E203K	00JP01AIII1464	DCM-CD	U.S.A.	Relative	Female
LMNA	3	c.607G>A	p.E203K	00JP01AIII1973	DCM-CD	U.S.A.	Relative	Female
LMNA	3	c.607G>A	p.E203K	00JP01AIII2076	DCM-CD	U.S.A.	Relative	Female
LMNA	4	c.673C>T	p.R225X	00JP01BIII974	DCM-CD	U.S.A.	Relative	Female
LMNA	6	c.1130G>A	p.R377H	15UJ1262566	DCM-CD	GERMANY	Proband	Female
LMNA	4	c.673C>T	p.R225X	00JP01BIII178	DCM-CD	U.S.A.	Relative	Male
LMNA	4	c.673C>T	p.R225X	00JP01BIII476	DCM-CD	U.S.A.	Relative	Female
LMNA	1	c.28dup	p.T10NfsX31	00SP03III556	DCM-CD	FRANCE	Proband	Male
LMNA	1	c.28dup	p.T10NfsX31	00SP03III1259	DCM-CD	FRANCE	Relative	Female
LMNA	4	c.673C>T	p.R225X	00JP01BIII1272	DCM-CD	U.S.A.	Relative	Female
LMNA	11	c.1713C>A	p.S571R	00FD99AIII148	DCM-CD	Not available	Proband	Male
LMNA	11	c.1713C>A	p.S571R	00FD99AIII560	DCM-CD	Not available	Relative	Female
LMNA	11	c.1713C>A	p.S571R	00FD99AIII857	DCM-CD	Not available	Relative	Female
LMNA	11	c.1713C>A	p.S571R	00FD99AIII959	DCM-CD	Not available	Relative	Male
LMNA	11	c.1713C>A	p.S571R	00FD99AIII1153	DCM-CD	Not available	Relative	Female
LMNA	11	c.1713C>A	p.S571R	00FD99AIII1356	DCM-CD	Not available	Relative	Male
LMNA	11	c.1713C>A	p.S571R	00FD99AIII1459	DCM-CD	Not available	Relative	Female
LMNA	11	c.1713C>A	p.S571R	00FD99AIII1560	DCM-CD	Not available	Relative	Female
LMNA	3	c.585C>A	p.N195K	00VP07AIII12XX	DCM-CD	BELGIUM	Proband	Female
LMNA	3	c.585C>A	p.N195K	00VP07AIII14XX	DCM-CD	BELGIUM	Relative	Female
LMNA	3	c.585C>A	p.N195K	00VP07AIII8XX	DCM-CD	BELGIUM	Relative	Female
LMNA	3	c.585C>A	p.N195K	00VP07AIV5XX	DCM-CD	BELGIUM	Relative	Female
LMNA	3	c.585C>A	p.N195K	00VP07AIV3XX	DCM-CD	BELGIUM	Relative	Male
LMNA	9	c.1513insAG	p.T505RfsX44	00VP07CII2XX	DCM-CD	BELGIUM	Proband	Male
LMNA	9	c.1513insAG	p.T505RfsX44	00VP07CII1XX	DCM-CD	BELGIUM	Relative	Male
LMNA	9	c.1513insAG	p.T505RfsX44	00VP07CIII3XX	DCM-CD	BELGIUM	Relative	Male
LMNA	3	c.585C>A	p.N195K	00VP07ABR2XX	DCM-CD	BELGIUM	Relative	Male
LMNA	7	c.IVS7+1G>A (c.1380+1G>A)	Not available	00PV07BII1XX	DCM-CD	BELGIUM	Proband	Female
LMNA	7	c.IVS7+1G>A (c.1380+1G>A)	Not available	00PV07BI1XX	DCM-CD	BELGIUM	Relative	Female
LMNA	4	c.673C>T	p.R225X	00PV07DII1XX	DCM-CD	BELGIUM	Proband	Female
LMNA	4	c.673C>T	p.R225X	00PV07DI1XX	DCM-CD	BELGIUM	Relative	Female
LMNA	3	c.585C>A	p.N195K	00VP07ABR1XX	DCM-CD	BELGIUM	Relative	Male
LMNA	2	c.427T>C	p.S143P	00KS04AII248	DCM-CD	FINLAND	Relative	Male
LMNA	2	c.427T>C	p.S143P	00KS04AII449	DCM-CD	FINLAND	Proband	Female
LMNA	2	c.427T>C	p.S143P	00KS04AII553	DCM-CD	FINLAND	Relative	Female
LMNA	2	c.427T>C	p.S143P	00KS04BIII1XX	DCM-CD	FINLAND	Relative	Female
LMNA	2	c.427T>C	p.S143P	00KS04BIII862	DCM-CD	FINLAND	Relative	Male
LMNA	2	c.427T>C	p.S143P	00KS04BIII1164	DCM-CD	FINLAND	Relative	Male
LMNA	2	c.427T>C	p.S143P	00KS04BIII1352	DCM-CD	FINLAND	Relative	Female
LMNA	2	c.427T>C	p.S143P	00KS04BIV166	DCM-CD	FINLAND	Proband	Male
LMNA	2	c.427T>C	p.S143P	00KS04BIV2XX	DCM-CD	FINLAND	Relative	Male
LMNA	2	c.427T>C	p.S143P	00KS04CIII452	DCM-CD	FINLAND	Relative	Female
LMNA	2	c.427T>C	p.S143P	00KS04CIII6XX	DCM-CD	FINLAND	Proband	Male
LMNA	2	c.427T>C	p.S143P	00KS04CIII857	DCM-CD	FINLAND	Relative	Female
LMNA	2	c.427T>C	p.S143P	00KS04DIII171	DCM-CD	FINLAND	Proband	Male
LMNA	2	c.427T>C	p.S143P	00KS04DIII372	DCM-CD	FINLAND	Relative	Female
LMNA	2	c.427T>C	p.S143P	00KS04EII1XX	DCM-CD	FINLAND	Proband	Female
LMNA	2	c.427T>C	p.S143P	00KS04FI1XX	DCM-CD	FINLAND	Proband	Female
LMNA	6	c.1130G>A	p.R377H	03DS0114972	DCM-CD	FRANCE	Relative	Female
LMNA	3	c.568C>T	p.R190W	00HM04BIII4XX	DCM-CD	SPAIN	Relative	Male
LMNA	3	c.568C>T	p.R190W	00HM04BIII2XX	DCM-CD	SPAIN	Proband	Female
LMNA	5	c.871G>A	p.E291K	00AA04PAT1XX	DCM-CD	U.K.	Proband	Unknown
LMNA	2015-01-02 00:00:00	c.IVS1+1G>C (c.356+1G>C)	Not available	00AA04PAT2XX	DCM-CD	U.K.	Proband	Unknown
LMNA	4	c.751dup	p.Q251PfsX3	00AA04PAT3XX	DCM-CD	U.K.	Proband	Unknown
LMNA	1	c.134A>G	p.Y45C	00AA04PAT4XX	DCM-CD	U.K.	Proband	Unknown
LMNA	3	c.568C>T	p.R190W	00AA04PAT5XX	DCM-CD	U.K.	Proband	Unknown
LMNA	3	c.568C>T	p.R190W	00SN05III1560	DCM-CD	IRELAND	Proband	Female
LMNA	10	c.IVS10+83G>A (c.1698+83G>A)	Not available	00BS04PATIVS10XX	DCM-CD	ITALIA	Proband	Unknown
LMNA	4	c.IVS3-10A>G (c.640-10A>G)	Not available	00OJ05IV940	DCM-CD	JAPAN	Proband	Female
LMNA	4	c.IVS3-10A>G (c.640-10A>G)	Not available	00OJ05IV7051	DCM-CD	JAPAN	Relative	Male
LMNA	4	c.IVS3-10A>G (c.640-10A>G)	Not available	00OJ05IV72XX	DCM-CD	JAPAN	Relative	Male
LMNA	4	c.IVS3-10A>G (c.640-10A>G)	Not available	00OJ05V1262	DCM-CD	JAPAN	Relative	Female
LMNA	4	c.IVS3-10A>G (c.640-10A>G)	Not available	00OJ05V65XX	DCM-CD	JAPAN	Relative	Male
LMNA	4	c.IVS3-10A>G (c.640-10A>G)	Not available	00OJ05V6755	DCM-CD	JAPAN	Relative	Male
LMNA	4	c.IVS3-10A>G (c.640-10A>G)	Not available	00OJ05V6957	DCM-CD	JAPAN	Relative	Male
LMNA	9	c.1496delC	p.A499VfsX49	03FC0135664	DCM-CD + CMT2	FRANCE	Proband	Male
LMNA	4	c.673C>T	p.R225X	00SC11I1XX	DCM-CD	CHINA	Proband	Male
LMNA	3	c.568C>T	p.R190W	00SN05III2965	DCM-CD	IRELAND	Relative	Male
LMNA	3	c.568C>T	p.R190W	00SN05III2765	DCM-CD	IRELAND	Relative	Female
LMNA	3	c.568C>T	p.R190W	00SN05IV3280	DCM-CD	IRELAND	Relative	Male
LMNA	3	c.568C>T	p.R190W	00SN05IV3665	DCM-CD	IRELAND	Relative	Male
LMNA	3	c.568C>T	p.R190W	00SN05IV5681	DCM-CD	IRELAND	Relative	Male
LMNA	3	c.568C>T	p.R190W	00SN05IV5474	DCM-CD	IRELAND	Relative	Female
LMNA	3	c.568C>T	p.R190W	00SN05IV374	DCM-CD	IRELAND	Relative	Female
LMNA	3	c.575A>G	p.D192G	00SN05III179	DCM-CD	POLAND	Proband	Male
LMNA	8	c.1443C>G	p.Y481X	00SN05II469	DCM-CD	POLAND	Proband	Male
LMNA	8	c.1443C>G	p.Y481X	00SN05III394	DCM-CD	POLAND	Relative	Female
LMNA	10	c.1621C>A	p.R541S	00SN05IV192	DCM-CD	CANADA	Proband	Male
LMNA	1	c.244G>A	p.E82K	00WH06IV363	DCM-CD	CHINA	Relative	Male
LMNA	1	c.244G>A	p.E82K	00WH06IV1163	DCM-CD	CHINA	Proband	Male
LMNA	1	c.244G>A	p.E82K	00WH06IV1568	DCM-CD	CHINA	Relative	Male
LMNA	1	c.244G>A	p.E82K	00WH06IV1972	DCM-CD	CHINA	Relative	Male
LMNA	8	c.1397delA	p.N466IfsX14	00PA06AII255	DCM-CD	GERMANY	Relative	Male
LMNA	8	c.1397delA	p.N466IfsX14	00PA06AII255	DCM-CD	GERMANY	Relative	Male
LMNA	8	c.1397delA	p.N466IfsX14	00PA06AII355	DCM-CD	GERMANY	Relative	Female
LMNA	8	c.1397delA	p.N466IfsX14	00PA06AII451	DCM-CD	GERMANY	Relative	Female
LMNA	8	c.1397delA	p.N466IfsX14	00PA06AII958	DCM-CD	GERMANY	Relative	Male
LMNA	8	c.1397delA	p.N466IfsX14	00PA06AII1366	DCM-CD	GERMANY	Relative	Male
LMNA	8	c.1397delA	p.N466IfsX14	00PA06AII1569	DCM-CD	GERMANY	Relative	Female
LMNA	8	c.1397delA	p.N466IfsX14	00PA06AIII277	DCM-CD	GERMANY	Relative	Male
LMNA	6	c.1130G>A	p.R377H	00PA06BII143	DCM-CD	GERMANY	Relative	Female
LMNA	6	c.1130G>A	p.R377H	00PA06BII347	DCM-CD	GERMANY	Relative	Male
LMNA	6	c.1130G>A	p.R377H	00PA06BIII365	DCM-CD	GERMANY	Proband	Male
LMNA	2	c.405_425dup	p.N142delinsKK	00PA06CII261	DCM-CD	GERMANY	Proband	Female
LMNA	2	c.405_425dup	p.N142delinsKK	00PA06CIII283	DCM-CD	GERMANY	Relative	Male
LMNA	2	c.394G>C	p.A132P	00KS06AII259	DCM-CD	FINLAND	Proband	Male
LMNA	2	c.394G>C	p.A132P	00KS06AII361	DCM-CD	FINLAND	Relative	Male
LMNA	2	c.394G>C	p.A132P	00KS06AII557	DCM-CD	FINLAND	Relative	Female
LMNA	3	c.568C>T	p.R190W	00KS06BII348	DCM-CD	FINLAND	Proband	Male
LMNA	3	c.568C>T	p.R190W	00KS06BII550	DCM-CD	FINLAND	Relative	Male
LMNA	3	c.568C>T	p.R190W	00KS06BIII166	DCM-CD	FINLAND	Relative	Male
LMNA	10	c.1621C>A	p.R541S	00KS06FII274	DCM-CD	FINLAND	Proband	Male
LMNA	2	c.427T>C	p.S143P	00KS06GII250	DCM-CD	FINLAND	Proband	Male
LMNA	2	c.427T>C	p.S143P	00KS06GII451	DCM-CD	FINLAND	Relative	Female
LMNA	2	c.427T>C	p.S143P	00KS06GII555	DCM-CD	FINLAND	Relative	Female
LMNA	2	c.427T>C	p.S143P	00KS06GIII379	DCM-CD	FINLAND	Relative	Female
LMNA	6	c.1085delT	p.L363WfsX117	00KS06CIII461	DCM-CD	FINLAND	Proband	Male
LMNA	6	c.1085delT	p.L363WfsX117	00KS06DII249	DCM-CD	FINLAND	Proband	Female
LMNA	6	c.1085delT	p.L363WfsX117	00KS06DII466	DCM-CD	FINLAND	Relative	Male
LMNA	6	c.1085delT	p.L363WfsX117	00KS06DIII269	DCM-CD	FINLAND	Relative	Male
LMNA	9	c.1493delG	p.A499LfsX49	00KS06EII360	DCM-CD	FINLAND	Proband	Male
LMNA	1	c.273C>A	p.T91T	00LDB167XX	DCM-CD	U.S.A.	Proband	Unknown
LMNA	3	c.607G>A	p.E203K	00LDB175XX	DCM-CD	U.S.A.	Proband	Unknown
LMNA	1	c.184C>G	p.R62G	00SL09769	DCM-CD + FPLD	U.S.A.	Proband	Male
LMNA	4	c.644T>C	p.L215P	00LDB197XX	DCM-CD	U.S.A.	Proband	Unknown
LMNA	4	c.673C>T	p.R225X	00LDB176XX	DCM-CD	U.S.A.	Proband	Unknown
LMNA	2015-06-07 00:00:00	c.IVS6-44C>T (c.1158-44C>T)	Not available	00LDB169XX	DCM-CD	U.S.A.	Proband	Unknown
LMNA	11	c.1851C>T	p.A617A	00LDB164XX	DCM-CD	U.S.A.	Proband	Unknown
LMNA	2	c.481G>A	p.E161K	00SK07CASE177	DCM-CD	S. KOREA	Proband	Male
LMNA	1	c.178C>G	p.R60G	00SL091383	DCM-CD + FPLD	AUSTRALIA	Proband	Female
LMNA	3	c.575A>T	p.D192V	00SL09683	DCM-CD + FPLD	U.S.A.	Proband	Female
LMNA	3	c.556G>A	p.E186K	00SK07CASE365	DCM-CD	S. KOREA	Proband	Male
LMNA	3	c.568C>T	p.R190W	00SK0720164	DCM-CD	S. KOREA	Proband	Male
LMNA	1	c.158A>T	p.E53V	00SK07CASE265	DCM-CD	S. KOREA	Proband	Male
LMNA	11	c.1904G>A	p.G635D	00LDB183XX	DCM-CD	RUSSIA	Proband	Unknown
LMNA	1	c.176T>G	p.L59R	00ND07NEWLF1010	Werner Syndrome + DCM-CD	U.S.A.	Proband	Female
LMNA	3	c.568C>T	p.R190W	00SK0720364	DCM-CD	S. KOREA	Relative	Male
LMNA	3	c.568C>T	p.R190W	00SK0720969	DCM-CD	S. KOREA	Relative	Male
LMNA	3	c.568C>T	p.R190W	00SK0721367	DCM-CD	S. KOREA	Relative	Female
LMNA	3	c.568C>T	p.R190W	00SK0721167	DCM-CD	S. KOREA	Relative	Male
LMNA	3	c.568C>T	p.R190W	00SK0721670	DCM-CD	S. KOREA	Relative	Male
LMNA	3	c.568C>T	p.R190W	00SK07III170	DCM-CD	S. KOREA	Proband	Female
LMNA	3	c.568C>T	p.R190W	00SK07III371	DCM-CD	S. KOREA	Relative	Male
LMNA	10	c.IVS9-3C>G (c.1609-3C>G)	Not available	00LDB166XX	DCM-CD	U.S.A.	Proband	Unknown
LMNA	4	c.780G>C	p.K260N	00AE05PATIENT1XX	DCM-CD	Not available	Proband	Male
LMNA	5	c.IVS5+1G>T (c.936+1G>T)	Not available	00AE05PATIENT2XX	DCM-CD	ITALIA	Proband	Male
LMNA	4	c.657G>C	p.K219N	00AE07PROBAND2XX	DCM-CD	ITALIA	Proband	Male
LMNA	4	c.657G>C	p.K219N	00AE07FATHER2XX	DCM-CD	ITALIA	Relative	Male
LMNA	4	c.657G>C	p.K219N	00AE07AUNT3XX	DCM-CD	ITALIA	Relative	Female
LMNA	4	c.657G>C	p.K219N	00AE07UNCLEXX	DCM-CD	ITALIA	Proband	Male
LMNA	4	c.656A>C	p.K219T	00PM08LYS219THRXX	DCM-CD	ITALIA	Proband	Unknown
LMNA	6	c.992G>A	p.R331Q	00BS0704199651	DCM-CD	ITALIA	Proband	Male
LMNA	6	c.1039G>A	p.E347K	00BS0704199651	DCM-CD	ITALIA	Proband	Male
LMNA	1	c.1_356del	p.M1?	00VP07III3XX	DCM-CD	NETHERLAND	Relative	Female
LMNA	1	c.1_356del	p.M1?	00VP07III7XX	DCM-CD	NETHERLAND	Relative	Female
LMNA	1	c.1_356del	p.M1?	00VP07III8XX	DCM-CD	NETHERLAND	Relative	Female
LMNA	1	c.1_356del	p.M1?	00VP07III11XX	DCM-CD	NETHERLAND	Relative	Male
LMNA	1	c.1_356del	p.M1?	00VP07III12XX	DCM-CD	NETHERLAND	Relative	Female
LMNA	1	c.1_356del	p.M1?	00VP07III14XX	DCM-CD	NETHERLAND	Relative	Male
LMNA	1	c.1_356del	p.M1?	00VP07III15XX	DCM-CD	NETHERLAND	Relative	Female
LMNA	1	c.1_356del	p.M1?	00VP07III17XX	DCM-CD	NETHERLAND	Proband	Male
LMNA	1	c.1_356del	p.M1?	00VP07III18XX	DCM-CD	NETHERLAND	Relative	Male
LMNA	1	c.1_356del	p.M1?	00VP07III19XX	DCM-CD	NETHERLAND	Relative	Female
LMNA	1	c.1_356del	p.M1?	00VP07IV2XX	DCM-CD	NETHERLAND	Relative	Female
LMNA	1	c.1_356del	p.M1?	00VP07IV5XX	DCM-CD	NETHERLAND	Relative	Female
LMNA	1	c.1_356del	p.M1?	00VP07IV6XX	DCM-CD	NETHERLAND	Relative	Female
LMNA	1	c.1_356del	p.M1?	00VP07IV7XX	DCM-CD	NETHERLAND	Relative	Male
LMNA	1	c.1_356del	p.M1?	00VP07IV8XX	DCM-CD	NETHERLAND	Relative	Male
LMNA	1	c.1_356del	p.M1?	00VP07IV9XX	DCM-CD	NETHERLAND	Relative	Female
LMNA	1	c.1_356del	p.M1?	00VP07IV11XX	DCM-CD	NETHERLAND	Relative	Male
LMNA	1	c.1_356del	p.M1?	00VP07IV14XX	DCM-CD	NETHERLAND	Relative	Male
LMNA	1	c.155T>C	p.L52P	00RG08II282	DCM-CD	RUSSIA	Proband	Male
LMNA	5	c.908_909delCT	p.S303CfsX27	00AL07PATIENT257	DCM-CD	Not available	Relative	Female
LMNA	10	c.1622G>C	p.R541P	00PV07III2XX	DCM-CD	BELGIUM	Proband	Male
LMNA	1	c.73C>T	p.R25C	00PV07JI1XX	DCM-CD + Myopathy	BELGIUM	Proband	Male
LMNA	1	c.73C>T	p.R25C	00PV07JII1XX	DCM-CD + Myopathy	BELGIUM	Relative	Male
LMNA	6	c.1045C>T	p.R349W	00PV07KII2XX	DCM-CD + FPLD	BELGIUM	Relative	Female
LMNA	11	c.1961dup	p.R654delinsR	00DA07PAT9XX	DCM-CD + FPLD	FRANCE	Proband	Female
LMNA	6	c.961C>T	p.R321X	00GS07III553	DCM-CD	Not available	Relative	Female
LMNA	6	c.961C>T	p.R321X	00GS07IV176	DCM-CD	Not available	Proband	Male
LMNA	6	c.961C>T	p.R321X	00GS07IV377	DCM-CD	Not available	Relative	Female
LMNA	10	c.1621C>T	p.R541C	00HE07II3XX	DCM-CD	Not available	Proband	Female
LMNA	10	c.1621C>T	p.R541C	00HE07III5XX	DCM-CD	Not available	Relative	Female
LMNA	4	c.799T>C	p.Y267H	00CN08II556	DCM-CD	Not available	Relative	Male
LMNA	4	c.799T>C	p.Y267H	00CN08II762	DCM-CD	Not available	Relative	Female
LMNA	4	c.799T>C	p.Y267H	00CN08II1166	DCM-CD	Not available	Relative	Male
LMNA	4	c.799T>C	p.Y267H	00CN08III677	DCM-CD	Not available	Proband	Female
LMNA	1	c.266G>T	p.R89L	00PS08A371	DCM-CD	U.S.A.	Proband	Female
LMNA	1	c.302G>C	p.R101P	00PS08B860	DCM-CD	U.S.A.	Proband	Male
LMNA	2015-01-02 00:00:00	c.IVS1-1G>T (c.357-1G>T)	Not available	00PS08C643	DCM-CD	U.S.A.	Proband	Male
LMNA	2015-01-02 00:00:00	c.IVS1-1G>T (c.357-1G>T)	Not available	00PS08C874	DCM-CD	U.S.A.	Relative	Male
LMNA	2	c.497G>C	p.R166P	00PS08D364	DCM-CD	U.S.A.	Proband	Female
LMNA	2	c.497G>C	p.R166P	00PS08E343	DCM-CD	U.S.A.	Proband	Male
LMNA	3	c.569G>A	p.R190Q	00PS08F654	DCM-CD	U.S.A.	Proband	Female
LMNA	3	c.569G>A	p.R190Q	00PS08F654	DCM-CD	U.S.A.	Proband	Female
LMNA	3	c.569G>A	p.R190Q	00PS08F770	DCM-CD	U.S.A.	Relative	Female
LMNA	3	c.569G>A	p.R190Q	00PS08F877	DCM-CD	U.S.A.	Relative	Female
LMNA	3	c.629T>G	p.I210S	00PS08H358	DCM-CD	U.S.A.	Proband	Male
LMNA	4	c.700C>T	p.Q234X	00PS08K560	DCM-CD	U.S.A.	Proband	Male
LMNA	6	c.952G>A	p.A318T	00PS08L358	DCM-CD	U.S.A.	Proband	Male
LMNA	6	c.1114delG	p.E372RfsX108	00PS08M638	DCM-CD	U.S.A.	Proband	Female
LMNA	7	c.1163G>A	p.R388H	00PS08N855	DCM-CD	U.S.A.	Proband	Female
LMNA	7	c.1163G>A	p.R388H	00PS08N15XX	DCM-CD	U.S.A.	Relative	Male
LMNA	7	c.1195C>T	p.R399C	00PS080331	DCM-CD	U.S.A.	Relative	Male
LMNA	7	c.1195C>T	p.R399C	00PS08O1187	DCM-CD	U.S.A.	Proband	Male
LMNA	7	c.1304_1307dup	p.S437HfsX2	00PS08P1459	DCM-CD	U.S.A.	Relative	Female
LMNA	7	c.1304_1307dup	p.S437HfsX2	00PS08P1666	DCM-CD	U.S.A.	Relative	Female
LMNA	7	c.1304_1307dup	p.S437HfsX2	00PS08P1848	DCM-CD	U.S.A.	Proband	Female
LMNA	7	c.1304_1307dup	p.S437HfsX2	00PS08P2049	DCM-CD	U.S.A.	Relative	Female
LMNA	7	c.1304_1307dup	p.S437HfsX2	00PS08P23XX	DCM-CD	U.S.A.	Relative	Female
LMNA	8	c.1412G>A	p.R471H	00PS08Q256	DCM-CD	U.S.A.	Proband	Female
LMNA	8	c.1422_1424dup	p.D475delinsER	00PS08R455	DCM-CD	U.S.A.	Proband	Male
LMNA	11	c.1960C>T	p.R654X	00PS08S5XX	DCM-CD	U.S.A.	Relative	Male
LMNA	11	c.1960C>T	p.R654X	00PS08S622	DCM-CD	U.S.A.	Proband	Male
LMNA	11	c.1960C>T	p.R654X	00PS08S952	DCM-CD	U.S.A.	Proband	Male
LMNA	11	c.1960C>T	p.R654X	00PS08S1162	DCM-CD	U.S.A.	Proband	Female
LMNA	6	c.1069G>C	p.D357H	00FY08III261	DCM-CD	JAPAN	Proband	Male
LMNA	6	c.961C>T	p.R321X	10DE0195967	DCM-CD	FRANCE	Proband	Male
LMNA	6	c.1072G>T	p.E358X	00DJ08III3XX	DCM-CD	Not available	Proband	Male
LMNA	11	c.1904G>A	p.G635D	00RG08PAT1006	DCM-CD	RUSSIA	Proband	Male
LMNA	10	c.1622G>A	p.R541H	00RG08II4XX	DCM-CD	RUSSIA	Relative	Female
LMNA	10	c.1622G>A	p.R541H	00RG08III3XX	DCM-CD	RUSSIA	Relative	Female
LMNA	10	c.1622G>A	p.R541H	00RG08III5XX	DCM-CD	RUSSIA	Proband	Male
LMNA	10	c.1622G>A	p.R541H	00RG08III6XX	DCM-CD	RUSSIA	Relative	Male
LMNA	10	c.1622G>A	p.R541H	00RG08III781	DCM-CD	RUSSIA	Proband	Female
LMNA	6	c.1048G>C	p.A350P	00RG08II159	DCM-CD	RUSSIA	Proband	Female
LMNA	6	c.1048G>C	p.A350P	00RG08II265	DCM-CD	RUSSIA	Relative	Male
LMNA	6	c.1048G>C	p.A350P	00RG08II361	DCM-CD	RUSSIA	Proband	Male
LMNA	6	c.1048G>C	p.A350P	00RG08III392	DCM-CD	RUSSIA	Relative	Male
LMNA	4	c.700C>T	p.Q234X	00SJ08PAT1XX	DCM-CD	GERMANY	Proband	Unknown
LMNA	10	c.IVS9-3C>G (c.1609-3C>G)	Not available	00CN08IV168	DCM-CD	CANADA	Relative	Male
LMNA	10	c.IVS9-3C>G (c.1609-3C>G)	Not available	00CN08IV1074	DCM-CD	CANADA	Relative	Female
LMNA	10	c.IVS9-3C>G (c.1609-3C>G)	Not available	00CN08IV1378	DCM-CD	CANADA	Relative	Male
LMNA	11	c.1930C>T	p.R644C	00PA08AII356	DCM-CD	Not available	Proband	Male
LMNA	3	c.608A>T	p.E203V	00PA08BII260	DCM-CD	Not available	Proband	Male
LMNA	4	c.656A>C	p.K219T	00PA08CII365	DCM-CD	Not available	Proband	Male
LMNA	2	c.481G>A	p.E161K	00PA08DI232	DCM-CD	Not available	Relative	Male
LMNA	2	c.481G>A	p.E161K	00PA08DII170	DCM-CD	Not available	Proband	Male
LMNA	3	c.569G>A	p.R190Q	00PA08EII166	DCM-CD	Not available	Proband	Male
LMNA	1	c.82C>T	p.R28W	00PM08ARG28TRPXX	DCM-CD	ITALIA	Proband	Unknown
LMNA	2	c.481G>A	p.E161K	00PM08GLU161LYSXX	DCM-CD	ITALIA	Proband	Unknown
LMNA	3	c.548T>C	p.L183P	00PM08LEU183PROXX	DCM-CD	ITALIA	Proband	Unknown
LMNA	6	c.1130G>T	p.R377L	00PM08ARG377LEUXX	DCM-CD	ITALIA	Proband	Unknown
LMNA	11	c.1718C>T	p.S573L	00PM08SER573LEUXX	DCM-CD	ITALIA	Proband	Unknown
LMNA	11	c.1930C>T	p.R644C	00PM08ARG644CYSXX	DCM-CD	ITALIA	Proband	Unknown
LMNA	1	c.31delC	p.R11AfsX85	00PM08THR10FSX85XX	DCM-CD	ITALIA	Proband	Unknown
LMNA	4	c.736C>T	p.Q246X	00PM08 GLN246XXX	DCM-CD	ITALIA	Proband	Unknown
LMNA	9	c.1576_1579dup	p.R527PfsX26	00PM08ILE527FSX23XX	DCM-CD	ITALIA	Proband	Unknown
LMNA	3	c.IVS2-1G>A (c.514-1G>A)	Not available	00PM08IVS21GAXX	DCM-CD	ITALIA	Proband	Unknown
LMNA	2015-06-07 00:00:00	c.IVS6+1G>A (c.1157+1G>A)	Not available	00PM08IVS61GAXX	DCM-CD	ITALIA	Proband	Unknown
LMNA	10	c.1621C>T	p.R541C	00SM08PROBAND89	DCM-CD	POLAND	Proband	Male
LMNA	1	c.274C>T	p.L92F	00MG09CASE1XX	DCM-CD	FRANCE	Proband	Male
LMNA	2	c.384ins24	p.I128delinsIS	00MG09CASE4XX	DCM-CD	FRANCE	Proband	Female
LMNA	2	c.481G>A	p.E161K	00MG09CASE5XX	DCM-CD	FRANCE	Proband	Male
LMNA	5	c.859insC	p.A287RfsX44	00MG09PAT4XX	DCM-CD	FRANCE	Proband	Male
LMNA	6	c.949G>A	p.E317K	00MG09CASE7XX	DCM-CD	FRANCE	Proband	Male
LMNA	9	c.1567G>A	p.G523R	00MG09CASE9XX	DCM-CD	FRANCE	Proband	Male
LMNA	1	c.176T>G	p.L59R	00ME09PATIENT1XX	Werner Syndrome + DCM-CD	U.S.A.	Proband	Female
LMNA	1	c.348dup	p.K117EfsX10	00PH09III153	DCM-CD	CHINA	Proband	Male
LMNA	6	c.1130G>A	p.R377H	00MG09PAT6XX	DCM-CD	FRANCE	Proband	Female
LMNA	1	c.348dup	p.K117EfsX10	00PH09III256	DCM-CD	CHINA	Relative	Female
LMNA	1	c.348dup	p.K117EfsX10	00PH09III360	DCM-CD	CHINA	Relative	Male
LMNA	1	c.348dup	p.K117EfsX10	00PH09III550	DCM-CD	CHINA	Relative	Male
LMNA	1	c.348dup	p.K117EfsX10	00PH09III7XX	DCM-CD	CHINA	Relative	Female
LMNA	1	c.348dup	p.K117EfsX10	00PH09III857	DCM-CD	CHINA	Relative	Male
LMNA	1	c.348dup	p.K117EfsX10	00PH09III951	DCM-CD	CHINA	Relative	Male
LMNA	1	c.106C>T	p.Q36X	00AE09PATIENT182	DCM-CD	Not available	Proband	Male
LMNA	5	c.815_818delinsCCAGAC	Not available	00SA09II11XX	DCM-CD	JAPAN	Relative	Female
LMNA	5	c.815_818delinsCCAGAC	Not available	00SA09III259	DCM-CD	JAPAN	Proband	Male
LMNA	4	c.673C>T	p.R225X	00SA09III59	DCM-CD	JAPAN	Proband	Female
LMNA	4	c.775T>C	p.Y259H	00SA09III854	DCM-CD	JAPAN	Proband	Female
LMNA	4	c.775T>C	p.Y259H	00SA09IV179	DCM-CD	JAPAN	Relative	Male
LMNA	2	c.497G>C	p.R166P	00SA09III254	DCM-CD	JAPAN	Proband	Female
LMNA	1	c.178C>G	p.R60G	00CN09II2XX	DCM-CD	ITALIA	Relative	Male
LMNA	1	c.178C>G	p.R60G	00CN09II4XX	DCM-CD	ITALIA	Relative	Female
LMNA	1	c.178C>G	p.R60G	00CN09II5XX	DCM-CD	ITALIA	Relative	Male
LMNA	4	c.673C>T	p.R225X	00CN09V469	DCM-CD	ITALIA	Relative	Female
LMNA	4	c.673C>T	p.R225X	00CN09IV1056	DCM-CD	ITALIA	Relative	Female
LMNA	4	c.673C>T	p.R225X	00CN09V972	DCM-CD	ITALIA	Relative	Male
LMNA	4	c.673C>T	p.R225X	00CN09V1178	DCM-CD	ITALIA	Relative	Male
LMNA	4	c.673C>T	p.R225X	00CN09V1289	DCM-CD	ITALIA	Relative	Male
LMNA	1	c.29C>T	p.T10I	00GA09APS1700401	Pgeroid syndrome + Myopathy + DCM-CD	SPAIN	Proband	Male
LMNA	6	c.1102_1130dup	p.K378PfsX112	00VL10III2XX	DCM-CD	ITALIA	Relative	Male
LMNA	6	c.1063C>T	p.Q355X	00MD09III166	DCM-CD	DENMARK	Proband	Female
LMNA	6	c.992G>A	p.R331Q	00MD09II1XX	DCM-CD	DENMARK	Proband	Male
LMNA	6	c.961C>T	p.R321X	00MD09II156	DCM-CD	DENMARK	Proband	Male
LMNA	11	c.1930C>T	p.R644C	00MD09II152	DCM-CD	DENMARK	Proband	Male
LMNA	7	c.1294C>T	p.Q432X	00MD09IV167	DCM-CD	DENMARK	Proband	Male
LMNA	7	c.1294C>T	p.Q432X	00MD09III245	DCM-CD	DENMARK	Relative	Male
LMNA	7	c.1318G>A	p.V440M	00MD09II146	DCM-CD	DENMARK	Proband	Male
LMNA	5	c.860delC	p.A287VfsX193	00KW09PAT73	DCM-CD	Not available	Proband	Female
LMNA	3	c.514_1995del	p.L172fsX22	00GP10PAT171	DCM-CD	Not available	Proband	Female
LMNA	6	c.1057C>A	p.Q353K	00GP10PAT1072	DCM-CD + Myopathy	Not available	Proband	Male
LMNA	3	c.565C>T	p.R189W	00BN10II355	DCM-CD	ITALIA	Proband	Female
LMNA	1	c.244G>A	p.E82K	00WX10I1XX	DCM-CD	CHINA	Relative	Male
LMNA	1	c.244G>A	p.E82K	00WX10I1XX	DCM-CD	CHINA	Relative	Male
LMNA	1	c.244G>A	p.E82K	00WX10II254	DCM-CD	CHINA	Proband	Male
LMNA	1	c.244G>A	p.E82K	00WX10II356	DCM-CD	CHINA	Relative	Male
LMNA	1	c.244G>A	p.E82K	00WX10II459	DCM-CD	Not available	Relative	Female
LMNA	1	c.244G>A	p.E82K	00WX10II667	DCM-CD	CHINA	Relative	Female
LMNA	1	c.244G>A	p.E82K	00WX10III175	DCM-CD	CHINA	Relative	Female
LMNA	5	c.832G>A	p.A278T	00BB10V5XX	DCM-CD	Not available	Relative	Female
LMNA	2	c.398G>T	p.R133L	00LB10PAT101	DCM-CD + Generalized lipodystrophy	U.S.A.	Proband	Male
LMNA	11	c.1930C>T	p.R644C	00MD10CASE3XX	DCM-CD	Not available	Proband	Unknown
LMNA	12	c.1975dup	p.Q659delinsS	00MD10CASE1XX	DCM-CD	Not available	Proband	Unknown
LMNA	9	c.IVS9+4A>G (c.1608+4A>G)	Not available	00MD10CASE2XX	DCM-CD	Not available	Proband	Unknown
LMNA	11	c.1930C>T	p.R644C	00RG08PAT1R644CXX	DCM-CD	U.S.A.	Proband	Unknown
LMNA	11	c.1930C>T	p.R644C	00RG08PAT2R644CXX	DCM-CD	U.S.A.	Proband	Unknown
LMNA	10	c.1621C>G	p.R541G	00ML10IV287	DCM-CD	POLAND	Proband	Male
LMNA	10	c.1621C>G	p.R541G	00ML10IV182	DCM-CD	POLAND	Relative	Female
LMNA	2	c.481G>A	p.E161K	00MS10PAT1XX	DCM-CD	U.S.A.	Proband	Male
LMNA	6	c.IVS5-11C>G (c.937-11C>G)	Not available	00CN11III2565	DCM-CD	ITALIA	Proband	Female
LMNA	6	c.IVS5-11C>G (c.937-11C>G)	Not available	00CN11III2974	DCM-CD	ITALIA	Relative	Male
LMNA	6	c.IVS5-11C>G (c.937-11C>G)	Not available	00CN11III3262	DCM-CD	ITALIA	Relative	Male
LMNA	6	c.IVS5-11C>G (c.937-11C>G)	Not available	00CN11III3666	DCM-CD	ITALIA	Relative	Female
LMNA	6	c.IVS5-11C>G (c.937-11C>G)	Not available	00CN11III3870	DCM-CD	ITALIA	Relative	Female
LMNA	3	c.568_1995del	p.R190fsX22	00MR11III149	DCM-CD	NETHERLAND	Proband	Male
LMNA	3	c.568_1995del	p.R190fsX22	00MR11III553	DCM-CD	NETHERLAND	Relative	Male
LMNA	3	c.568_1995del	p.R190fsX22	00MR11III956	DCM-CD	NETHERLAND	Relative	Male
LMNA	3	c.568_1995del	p.R190fsX22	00MR11III1362	DCM-CD	NETHERLAND	Relative	Female
LMNA	3	c.568_1995del	p.R190fsX22	00MR11III1571	DCM-CD	NETHERLAND	Relative	Male
LMNA	3	c.568_1995del	p.R190fsX22	00MR11IV488	DCM-CD	NETHERLAND	Relative	Female
LMNA	3	c.568_1995del	p.R190fsX22	00MR11IV581	DCM-CD	NETHERLAND	Relative	Male
LMNA	3	c.568_1995del	p.R190fsX22	00MR11IV883	DCM-CD	NETHERLAND	Relative	Male
LMNA	1	c.46_49dup	p.S18QfsX24	00CJ11DCMPAT61	DCM-CD	Not available	Proband	Male
LMNA	6	c.1004G>A	p.R335Q	00EPPATIENTR335GLNXX	DCM-CD	GERMANY	Proband	Unknown
LMNA	1	c.328C>A	p.R110S	00BN11I137	DCM-CD	ITALIA	Proband	Male
LMNA	8	c.1381G>T	p.D461Y	00BN11II156	DCM-CD	ITALIA	Proband	Male
LMNA	1	c.350A>G	p.K117R	00BN11I141	DCM-CD	ITALIA	Proband	Female
LMNA	3	c.568C>T	p.R190W	00BN11III568	DCM-CD	ITALIA	Proband	Female
LMNA	3	c.565C>T	p.R189W	00BN11IV198	DCM-CD	ITALIA	Relative	Female
LMNA	8	c.1381G>T	p.D461Y	00BN11II454	DCM-CD	ITALIA	Relative	Male
LMNA	1	c.350A>G	p.K117R	00BN11II160	DCM-CD	ITALIA	Relative	Female
LMNA	1	c.350A>G	p.K117R	00BN11II270	DCM-CD	ITALIA	Relative	Female
LMNA	4	c.673C>T	p.R225X	00SC11II2XX	DCM-CD	CHINA	Relative	Female
LMNA	4	c.673C>T	p.R225X	00SC11II4XX	DCM-CD	CHINA	Relative	Female
LMNA	4	c.673C>T	p.R225X	00SC11II5XX	DCM-CD	CHINA	Relative	Female
LMNA	4	c.673C>T	p.R225X	00SC11II7XX	DCM-CD	CHINA	Relative	Male
LMNA	4	c.673C>T	p.R225X	00SC11II9XX	DCM-CD	CHINA	Relative	Female
LMNA	4	c.673C>T	p.R225X	00SC11III2XX	DCM-CD	CHINA	Relative	Female
LMNA	4	c.673C>T	p.R225X	00SC11III3XX	DCM-CD	CHINA	Relative	Male
LMNA	4	c.673C>T	p.R225X	00SC11III4XX	DCM-CD	CHINA	Relative	Female
LMNA	2015-01-02 00:00:00	c.IVS1-1G>T (c.357-1G>T)	Not available	00MG11CASE377	DCM-CD	FRANCE	Proband	Male
LMNA	7	c.IVS7+1G>A (c.1380+1G>A)	Not available	00MG11CASE851	DCM-CD	FRANCE	Proband	Male
LMNA	2	c.481G>A	p.E161K	00LJ11CASE183	DCM-CD	U.S.A.	Proband	Female
LMNA	5	c.906_907delCT	p.S303CfsX27	00SE11OSUXX	DCM-CD	U.S.A.	Proband	Unknown
LMNA	2	c.367_369delAAG	p.K123del	00KH11III468	DCM-CD	AUSTRIA	Proband	Female
LMNA	2	c.367_369delAAG	p.K123del	00KH11III6XX	DCM-CD	AUSTRIA	Relative	Male
LMNA	6	c.1044G>T	p.M348I	00MP11G14533XX	DCM-CD	BELGIUM	Relative	Female
LMNA	8	c.1412G>A	p.R471H	00LM11CASEP1XX	DCM-CD	DENMARK	Proband	Male
LMNA	2015-06-07 00:00:00	c.1157G>C	p.R386T	00BA10PATIENT1XX	DCM-CD + FPLD	FRANCE	Proband	Female
LMNA	6	c.1070A>C	p.D357A	00SB12101291XX	DCM-CD	GERMANY	Proband	Male
LMNA	6	c.1003C>T	p.R335W	00SB12102221XX	DCM-CD	GERMANY	Proband	Female
LMNA	6	c.1003C>T	p.R335W	00SB12102224XX	DCM-CD	GERMANY	Relative	Female
LMNA	2015-06-07 00:00:00	c.IVS6+1G>T (c.1157+1G>T)	Not available	00SB12109663XX	DCM-CD	GERMANY	Proband	Female
LMNA	9	c.1560G>A	p.W520X	00SB12107713XX	DCM-CD	GERMANY	Proband	Female
LMNA	9	c.1549C>T	p.Q517X	00SB12110641XX	DCM-CD	GERMANY	Proband	Male
LMNA	10	c.1621C>T	p.R541C	03QVF055572	Atypical DCM with LV aneurysm	FRANCE	Relative	Female
LMNA	10	c.1621C>T	p.R541C	03QAF0558XX	Atypical DCM with LV aneurysm	FRANCE	Proband	Male
